{
    "$schema": "https://schema.management.azure.com/schemas/2015-01-01/deploymentTemplate.json#",
    "contentVersion": "1.0.0.0",
    "parameters": {
      "ASPNETCORE_ENVIRONMENT": {
        "defaultValue": "dev",
        "type": "String"
      },
      "sites_we_webapp_adminportal_name": {
        "defaultValue": "dev-we-webapp-adminportal-frontend",
        "type": "String"
      },
      "ai_adminportal_frontend": {
        "defaultValue": "dev-we-ai-adminportal-frontend",
        "type": "String"
      },
      "serverfarms_we_appserviceplan_adminportal_webapp_name": {
        "defaultValue": "dev-we-appserviceplan-adminportal-frontend-webapp",
        "type": "String"
      },
      "WEBSITE_RUN_FROM_PACKAGE": {
        "defaultValue": "WEBSITE_RUN_FROM_PACKAGE",
        "type": "String"
      },
      "SKU_name": {
        "defaultValue": "S1",
        "type": "String"
      },
      "SKU_tier": {
        "defaultValue": "Standard",
        "type": "String"
      },
      "SKU_size": {
        "defaultValue": "S1",
        "type": "String"
      },
      "SKU_family": {
        "defaultValue": "S",
        "type": "String"
      },
      "SKU_capacity": {
        "defaultValue": 1,
        "type": "int"
      }
    },
    "variables": {},
    "resources": [
      {
        "type": "Microsoft.Web/serverfarms",
        "apiVersion": "2018-02-01",
        "name": "[parameters('serverfarms_we_appserviceplan_adminportal_webapp_name')]",
        "location": "West Europe",
        "tags": {
          "applicationService": "",
          "businessUnit": "",
          "fabObject": "",
          "supportedBy": ""
        },
        "sku": {
          "name": "[parameters('SKU_name')]",
          "tier": "[parameters('SKU_tier')]",
          "size": "[parameters('SKU_size')]",
          "family": "[parameters('SKU_family')]",
          "capacity": "[parameters('SKU_capacity')]"
        },
        "kind": "app",
        "properties": {
          "perSiteScaling": false,
          "maximumElasticWorkerCount": 1,
          "isSpot": false,
          "reserved": false,
          "isXenon": false,
          "hyperV": false,
          "targetWorkerCount": 0,
          "targetWorkerSizeId": 0
        }
      },
      {
        "type": "Microsoft.Web/sites",
        "apiVersion": "2018-11-01",
        "name": "[parameters('sites_we_webapp_adminportal_name')]",
        "location": "West Europe",
        "dependsOn": [
          "[resourceId('Microsoft.Web/serverfarms', parameters('serverfarms_we_appserviceplan_adminportal_webapp_name'))]",
          "[resourceId('microsoft.insights/components/', parameters('ai_adminportal_frontend'))]"
        ],
        "tags": {
          "applicationService": "",
          "businessUnit": "",
          "fabObject": "",
          "supportedBy": ""
        },
        "kind": "app",
        "identity": {
          "type": "SystemAssigned"
        },
        "properties": {
          "enabled": true,
          "hostNameSslStates": [
            {
              "name": "[concat(parameters('sites_we_webapp_adminportal_name'), '.azurewebsites.net')]",
              "sslState": "Disabled",
              "hostType": "Standard"
            },
            {
              "name": "[concat(parameters('sites_we_webapp_adminportal_name'), '.scm.azurewebsites.net')]",
              "sslState": "Disabled",
              "hostType": "Repository"
            }
          ],
          "serverFarmId": "[resourceId('Microsoft.Web/serverfarms', parameters('serverfarms_we_appserviceplan_adminportal_webapp_name'))]",
          "reserved": false,
          "isXenon": false,
          "hyperV": false,
          "scmSiteAlsoStopped": false,
          "clientAffinityEnabled": true,
          "clientCertEnabled": false,
          "hostNamesDisabled": false,
          "containerSize": 0,
          "dailyMemoryTimeQuota": 0,
          "httpsOnly": true,
          "redundancyMode": "None",
          "siteConfig": {
            "ftpsState": "Disabled"
          }
        }
      },
      {
        "name": "[concat(parameters('sites_we_webapp_adminportal_name'), '/appsettings')]",
        "type": "Microsoft.Web/sites/config",
        "apiVersion": "2018-11-01",
        "dependsOn": [
          "[resourceId('Microsoft.Web/sites', parameters('sites_we_webapp_adminportal_name'))]"
        ],
        "properties": {
          "ASPNETCORE_ENVIRONMENT": "[parameters('ASPNETCORE_ENVIRONMENT')]",
          "WEBSITE_RUN_FROM_PACKAGE": "[parameters('WEBSITE_RUN_FROM_PACKAGE')]",
          "APPINSIGHTS_INSTRUMENTATIONKEY": "[reference(concat('microsoft.insights/components/', parameters('ai_adminportal_frontend'))).InstrumentationKey]"
        }
      },
      {
        "type": "Microsoft.Web/sites/config",
        "apiVersion": "2018-11-01",
        "name": "[concat(parameters('sites_we_webapp_adminportal_name'), '/web')]",
        "location": "West Europe",
        "dependsOn": [
          "[resourceId('Microsoft.Web/sites', parameters('sites_we_webapp_adminportal_name'))]"
        ],
        "tags": {
          "applicationService": "",
          "businessUnit": "",
          "fabObject": "",
          "supportedBy": ""
        },
        "properties": {
          "numberOfWorkers": 1,
          "defaultDocuments": [
            "Default.htm",
            "Default.html",
            "Default.asp",
            "index.htm",
            "index.html",
            "iisstart.htm",
            "default.aspx",
            "index.php",
            "hostingstart.html"
          ],
          "netFrameworkVersion": "v4.0",
          "phpVersion": "5.6",
          "requestTracingEnabled": false,
          "remoteDebuggingEnabled": false,
          "remoteDebuggingVersion": "VS2019",
          "httpLoggingEnabled": false,
          "logsDirectorySizeLimit": 35,
          "detailedErrorLoggingEnabled": false,
  
          "scmType": "None",
          "use32BitWorkerProcess": true,
          "webSocketsEnabled": false,
          "alwaysOn": false,
          "managedPipelineMode": "Integrated",
          "virtualApplications": [
            {
              "virtualPath": "/",
              "physicalPath": "site\\wwwroot",
              "preloadEnabled": false
            }
          ],
          "loadBalancing": "LeastRequests",
          "experiments": {
            "rampUpRules": []
          },
          "autoHealEnabled": false,
          "localMySqlEnabled": false,
          "scmIpSecurityRestrictionsUseMain": false,
          "http20Enabled": false,
          "minTlsVersion": "1.2",
          "ftpsState": "AllAllowed",
          "reservedInstanceCount": 0
        }
      },
      {
        "type": "Microsoft.Web/sites/hostNameBindings",
        "apiVersion": "2018-11-01",
        "name": "[concat(parameters('sites_we_webapp_adminportal_name'), '/', parameters('sites_we_webapp_adminportal_name'), '.azurewebsites.net')]",
        "location": "West Europe",
        "dependsOn": [
          "[resourceId('Microsoft.Web/sites', parameters('sites_we_webapp_adminportal_name'))]"
        ],
        "properties": {
          "siteName": "parameters('sites_ne_webapp_products_name')",
          "hostNameType": "Verified"
        }
      },
  
      {
        "type": "Microsoft.Web/sites/slots",
        "apiVersion": "2018-11-01",
        "name": "[concat(parameters('sites_we_webapp_adminportal_name'), '/staging')]",
        "location": "West Europe",
        "dependsOn": [
          "[resourceId('Microsoft.Web/serverfarms', parameters('serverfarms_we_appserviceplan_adminportal_webapp_name'))]",
          "[resourceId('Microsoft.Web/sites', parameters('sites_we_webapp_adminportal_name'))]"
        ],
        "tags": {
          "applicationService": "",
          "businessUnit": "",
          "fabObject": "",
          "supportedBy": ""
        },
        "kind": "app",
        "properties": {
          "enabled": true,
          "hostNameSslStates": [
            {
              "name": "[concat(parameters('sites_we_webapp_adminportal_name'), '.azurewebsites.net')]",
              "sslState": "Disabled",
              "hostType": "Standard"
            },
            {
              "name": "[concat(parameters('sites_we_webapp_adminportal_name'), '.scm.azurewebsites.net')]",
              "sslState": "Disabled",
              "hostType": "Repository"
            }
          ],
          "serverFarmId": "[resourceId('Microsoft.Web/serverfarms', parameters('serverfarms_we_appserviceplan_adminportal_webapp_name'))]",
          "reserved": true,
          "isXenon": false,
          "hyperV": false,
          "scmSiteAlsoStopped": false,
          "clientAffinityEnabled": false,
          "clientCertEnabled": false,
          "hostNamesDisabled": false,
          "containerSize": 0,
          "dailyMemoryTimeQuota": 0,
          "httpsOnly": true,
          "redundancyMode": "None"
        }
      },
      {
        "type": "Microsoft.Insights/components",
        "apiVersion": "2015-05-01",
        "name": "[parameters('ai_adminportal_frontend')]",
        "location": "West Europe",
        "tags": {},
        "kind": "web",
        "properties": {
          "Application_Type": "web",
          "Flow_Type": "Redfield",
          "Request_Source": "IbizaAIExtension"
        }
      }    
    ]
  }