{
    "$schema": "https://schema.management.azure.com/schemas/2015-01-01/deploymentParameters.json#",
    "contentVersion": "1.0.0.0",
    "parameters": {
      "ASPNETCORE_ENVIRONMENT": {
        "value": "int"
      },
      "sites_we_webapp_adminportal_name": {
        "value": "int-we-webapp-adminportal-frontend"
      },
      "serverfarms_we_appserviceplan_adminportal_webapp_name": {
        "value": "int-we-appserviceplan-adminportal-frontend-webapp"
      },
      "ai_adminportal_frontend": {
        "value": "int-we-ai-adminportal-frontend"
      },
      "WEBSITE_RUN_FROM_PACKAGE": {
        "value": "1"
      },
      "SKU_name": {
        "value": "S1"
      },
      "SKU_tier": {
        "value": "Standard"
      },
      "SKU_size": {
        "value": "S1"
      },
      "SKU_family": {
        "value": "S"
      },
      "SKU_capacity": {
        "value": 1
      }
    }
  }